{
    "kpis": {
        "totalSpend": 1254300000,
        "yoySavings": 45200000,
        "forecastAccuracy": 94.2,
        "supplierCount": 1450
    },
    "timeSeries": {
        "labels": [
            "Jan 2022",
            "Feb 2022",
            "Mar 2022",
            "Apr 2022",
            "May 2022",
            "Jun 2022",
            "Jul 2022",
            "Aug 2022",
            "Sep 2022",
            "Oct 2022",
            "Nov 2022",
            "Dec 2022",
            "Jan 2023",
            "Feb 2023",
            "Mar 2023",
            "Apr 2023",
            "May 2023",
            "Jun 2023",
            "Jul 2023",
            "Aug 2023",
            "Sep 2023",
            "Oct 2023",
            "Nov 2023",
            "Dec 2023",
            "Jan 2024",
            "Feb 2024",
            "Mar 2024",
            "Apr 2024",
            "May 2024",
            "Jun 2024",
            "Jul 2024",
            "Aug 2024",
            "Sep 2024",
            "Oct 2024",
            "Nov 2024",
            "Dec 2024",
            "Jan 2025",
            "Feb 2025",
            "Mar 2025",
            "Apr 2025",
            "May 2025",
            "Jun 2025",
            "Jul 2025",
            "Aug 2025",
            "Sep 2025",
            "Oct 2025",
            "Nov 2025",
            "Dec 2025"
        ],
        "historical": [
            30993428.306022465,
            32509185.683371916,
            36196932.66655215,
            38903202.56995891,
            35004677.41233266,
            33460297.514673073,
            34872711.345300496,
            31034869.458305817,
            27016638.49492219,
            28656548.6586005,
            27600180.45259574,
            29711397.635716625,
            33912495.9717035,
            32387725.22497012,
            34880291.353896126,
            38161139.22723234,
            36875893.34968192,
            37985637.52233341,
            33326808.99181472,
            30103964.025900856,
            34315456.23320664,
            30548447.39902693,
            32090643.676167935,
            31221932.199001655,
            35768377.40809249,
            39864702.32227687,
            39456711.292649016,
            43465681.75097706,
            41128849.639084585,
            40202326.78612774,
            37368015.3469698,
            40061699.22616074,
            34785735.674459085,
            32313149.570659634,
            37029248.51956989,
            35058312.70005794,
            null,
            null,
            null,
            null,
            null,
            null,
            null,
            null,
            null,
            null,
            null,
            null
        ],
        "arima": [
            null,
            null,
            null,
            null,
            null,
            null,
            null,
            null,
            null,
            null,
            null,
            null,
            null,
            null,
            null,
            null,
            null,
            null,
            null,
            null,
            null,
            null,
            null,
            null,
            null,
            null,
            null,
            null,
            null,
            null,
            null,
            null,
            null,
            null,
            null,
            null,
            35968762.24650023,
            37205575.67663791,
            36532217.83201325,
            36702504.51704882,
            36807921.86777154,
            36459175.24653885,
            36491223.84984337,
            36492817.231225125,
            36418869.88909934,
            36470036.73109025,
            36487152.42407266,
            36481079.998677135
        ],
        "sarima": [
            null,
            null,
            null,
            null,
            null,
            null,
            null,
            null,
            null,
            null,
            null,
            null,
            null,
            null,
            null,
            null,
            null,
            null,
            null,
            null,
            null,
            null,
            null,
            null,
            null,
            null,
            null,
            null,
            null,
            null,
            null,
            null,
            null,
            null,
            null,
            null,
            43364767.987716116,
            45226689.53288727,
            46150292.39691237,
            49002073.56370008,
            47063208.45553265,
            46592347.69945882,
            44718153.788387716,
            44671054.10844941,
            42424055.25120409,
            40948150.76565053,
            43275235.86152818,
            43056215.92129857
        ],
        "prophet": [
            null,
            null,
            null,
            null,
            null,
            null,
            null,
            null,
            null,
            null,
            null,
            null,
            null,
            null,
            null,
            null,
            null,
            null,
            null,
            null,
            null,
            null,
            null,
            null,
            null,
            null,
            null,
            null,
            null,
            null,
            null,
            null,
            null,
            null,
            null,
            null,
            35058312.70005794,
            37717668.666876376,
            39707151.652617015,
            40536380.60051327,
            40025863.58625392,
            38355092.534150176,
            36014448.50096862,
            33673804.467787065,
            32003033.415683314,
            31492516.401423946,
            32321745.34932019,
            34311228.33506082
        ],
        "prophet_lower": [
            null,
            null,
            null,
            null,
            null,
            null,
            null,
            null,
            null,
            null,
            null,
            null,
            null,
            null,
            null,
            null,
            null,
            null,
            null,
            null,
            null,
            null,
            null,
            null,
            null,
            null,
            null,
            null,
            null,
            null,
            null,
            null,
            null,
            null,
            null,
            null,
            32253647.684053306,
            34700255.173526265,
            36530579.520407654,
            37293470.15247221,
            36823794.49935361,
            35286685.13141816,
            33133292.62089113,
            30979900.1103641,
            29442790.74242865,
            28973115.08931003,
            29736005.721374575,
            31566330.068255957
        ],